{"cameraMode":{"drawMode":0,"name":"Shaded","section":"Shading Mode"},"sceneLighting":true,"audioPlay":false,"sceneViewState":{"showFog":true,"showMaterialUpdate":false,"showSkybox":false,"showFlares":true,"showImageEffects":true,"showParticleSystems":true},"in2DMode":false,"pivot":{"x":-0.022958725690841676,"y":-0.05507570505142212,"z":0.028699085116386415},"rotation":{"x":-0.1354811042547226,"y":0.8641135692596436,"z":-0.3567195236682892,"w":-0.3282223045825958},"size":0.6255720853805542,"orthographic":false}