{"cameraMode":{"drawMode":0,"name":"Shaded","section":"Shading Mode"},"sceneLighting":true,"audioPlay":false,"sceneViewState":{"showFog":true,"showMaterialUpdate":false,"showSkybox":true,"showFlares":true,"showImageEffects":true,"showParticleSystems":true},"in2DMode":false,"pivot":{"x":0.02758800983428955,"y":3.345052719116211,"z":0.017220735549926759},"rotation":{"x":-0.017839886248111726,"y":0.9766559600830078,"z":-0.08961424976587296,"w":-0.19442082941532136},"size":10.306997299194336,"orthographic":false}