{"cameraMode":{"drawMode":0,"name":"Shaded","section":"Shading Mode"},"sceneLighting":false,"audioPlay":false,"sceneViewState":{"showFog":true,"showMaterialUpdate":false,"showSkybox":false,"showFlares":true,"showImageEffects":true,"showParticleSystems":true},"in2DMode":false,"pivot":{"x":2.4672255516052248,"y":3.6062111854553224,"z":0.42324697971343996},"rotation":{"x":-0.029736235737800599,"y":0.6244447231292725,"z":0.0238084327429533,"w":0.7801430821418762},"size":8.078540802001954,"orthographic":false}