{"cameraMode":{"drawMode":0,"name":"Shaded","section":"Shading Mode"},"sceneLighting":false,"audioPlay":false,"sceneViewState":{"showFog":true,"showMaterialUpdate":false,"showSkybox":false,"showFlares":true,"showImageEffects":true,"showParticleSystems":true},"in2DMode":false,"pivot":{"x":0.9923095703125,"y":1.93359375,"z":-0.55712890625},"rotation":{"x":0.01687196083366871,"y":-0.9767113924026489,"z":0.08371300995349884,"w":0.1968689262866974},"size":3.130067825317383,"orthographic":true}