{"cameraMode":{"drawMode":0,"name":"Shaded","section":"Shading Mode"},"sceneLighting":false,"audioPlay":false,"sceneViewState":{"showFog":true,"showMaterialUpdate":false,"showSkybox":false,"showFlares":true,"showImageEffects":true,"showParticleSystems":true},"in2DMode":false,"pivot":{"x":2.2378268241882326,"y":2.004371166229248,"z":-0.9213688373565674},"rotation":{"x":0.2948951721191406,"y":-0.590990424156189,"z":0.24562671780586244,"w":0.7095317840576172},"size":1.2377095222473145,"orthographic":false}