{"cameraMode":{"drawMode":0,"name":"Shaded","section":"Shading Mode"},"sceneLighting":false,"audioPlay":false,"sceneViewState":{"showFog":true,"showMaterialUpdate":false,"showSkybox":false,"showFlares":true,"showImageEffects":true,"showParticleSystems":true},"in2DMode":false,"pivot":{"x":0.28564453125,"y":1.94775390625,"z":0.19091796875},"rotation":{"x":-0.07291671633720398,"y":0.7481635808944702,"z":-0.08338906615972519,"w":-0.6542077660560608},"size":4.623551368713379,"orthographic":true}