{"cameraMode":{"drawMode":0,"name":"Shaded","section":"Shading Mode"},"sceneLighting":false,"audioPlay":false,"sceneViewState":{"showFog":true,"showMaterialUpdate":false,"showSkybox":false,"showFlares":true,"showImageEffects":true,"showParticleSystems":true},"in2DMode":false,"pivot":{"x":689.4703369140625,"y":392.8110046386719,"z":880.2711181640625},"rotation":{"x":-0.023988250643014909,"y":-0.028192266821861268,"z":0.0006767319282516837,"w":-0.9993153810501099},"size":2128.852783203125,"orthographic":false}