{"cameraMode":{"drawMode":0,"name":"Shaded","section":"Shading Mode"},"sceneLighting":false,"audioPlay":false,"sceneViewState":{"showFog":true,"showMaterialUpdate":false,"showSkybox":false,"showFlares":true,"showImageEffects":true,"showParticleSystems":true},"in2DMode":false,"pivot":{"x":1.9770243167877198,"y":1.0721005201339722,"z":-0.48266279697418215},"rotation":{"x":0.07231185585260391,"y":0.8458541035652161,"z":-0.11876746267080307,"w":0.5149933695793152},"size":3.185060501098633,"orthographic":false}