{"cameraMode":{"drawMode":0,"name":"Shaded","section":"Shading Mode"},"sceneLighting":false,"audioPlay":false,"sceneViewState":{"showFog":true,"showMaterialUpdate":false,"showSkybox":false,"showFlares":true,"showImageEffects":true,"showParticleSystems":true},"in2DMode":false,"pivot":{"x":2.5,"y":3.499572515487671,"z":0.8709999918937683},"rotation":{"x":0.04891103133559227,"y":-0.9477974772453308,"z":0.17834803462028504,"w":0.2598525881767273},"size":1.6564662456512452,"orthographic":false}